mpg,cyl,disp,hp,drat,wt,qsec,vs,am,gear,carb,id
27.3,4,79.0,66,4.08,1.935,18.9,1,1,4,1,25
21.4,4,121.0,109,4.11,2.78,18.6,1,1,4,2,31
19.7,6,145.0,175,3.62,2.77,15.5,0,1,5,6,29
15.2,8,275.8,180,3.07,3.78,18.0,0,0,3,3,13
17.3,8,275.8,180,3.07,3.73,17.6,0,0,3,3,12
21.5,4,120.1,97,3.7,2.465,20.01,1,0,3,1,20
13.3,8,350.0,245,3.73,3.84,15.41,0,0,3,4,23
24.4,4,146.7,62,3.69,3.19,20.0,1,0,4,2,7
15.2,8,304.0,150,3.15,3.435,17.3,0,0,3,2,22
30.4,4,75.7,52,4.93,1.615,18.52,1,1,4,2,18
26.0,4,120.3,91,4.43,2.14,16.7,0,1,5,2,26
19.2,8,400.0,175,3.08,3.845,17.05,0,0,3,2,24
32.4,4,78.7,66,4.08,2.2,19.47,1,1,4,1,17
15.0,8,301.0,335,3.54,3.57,14.6,0,1,5,8,30
17.8,6,167.6,123,3.92,3.44,18.9,1,0,4,4,10
33.9,4,71.1,65,4.22,1.835,19.9,1,1,4,1,19
21.4,6,258.0,110,3.08,3.215,19.44,1,0,3,1,3
21.0,6,160.0,110,3.9,2.875,17.02,0,1,4,4,1
19.2,6,167.6,123,3.92,3.44,18.3,1,0,4,4,9
15.8,8,351.0,264,4.22,3.17,14.5,0,1,5,4,28
22.8,4,140.8,95,3.92,3.15,22.9,1,0,4,2,8
21.0,6,160.0,110,3.9,2.62,16.46,0,1,4,4,0
18.7,8,360.0,175,3.15,3.44,17.02,0,0,3,2,4
14.3,8,360.0,245,3.21,3.57,15.84,0,0,3,4,6
10.4,8,472.0,205,2.93,5.25,17.98,0,0,3,4,14
10.4,8,460.0,215,3.0,5.4239999999999995,17.82,0,0,3,4,15
